-- phpMyAdmin SQL Dump
-- version 3.3.9
-- http://www.phpmyadmin.net
--
-- Host: localhost
-- Generation Time: Jul 16, 2014 at 03:37 PM
-- Server version: 5.5.8
-- PHP Version: 5.3.5

SET SQL_MODE="NO_AUTO_VALUE_ON_ZERO";


/*!40101 SET @OLD_CHARACTER_SET_CLIENT=@@CHARACTER_SET_CLIENT */;
/*!40101 SET @OLD_CHARACTER_SET_RESULTS=@@CHARACTER_SET_RESULTS */;
/*!40101 SET @OLD_COLLATION_CONNECTION=@@COLLATION_CONNECTION */;
/*!40101 SET NAMES utf8 */;

--
-- Database: `writewell`
--

-- --------------------------------------------------------

--
-- Table structure for table `note_table`
--

CREATE TABLE IF NOT EXISTS `note_table` (
  `note_id` int(11) NOT NULL AUTO_INCREMENT,
  `title` varchar(250) NOT NULL,
  `description` text NOT NULL,
  `project_id` int(11) NOT NULL DEFAULT '0',
  `section_id` int(11) NOT NULL DEFAULT '0',
  `status` enum('Y','N') NOT NULL DEFAULT 'Y',
  PRIMARY KEY (`note_id`)
) ENGINE=InnoDB  DEFAULT CHARSET=latin1 AUTO_INCREMENT=8 ;

--
-- Dumping data for table `note_table`
--

INSERT INTO `note_table` (`note_id`, `title`, `description`, `project_id`, `section_id`, `status`) VALUES
(1, 'sairam', 'abcdef', 1, 0, 'Y'),
(2, 'sairam', 'abcdef', 1, 0, 'Y'),
(3, 'sairam', 'abcdef', 1, 0, 'Y'),
(4, 'sairam', 'abcdef', 1, 0, 'Y'),
(5, '1', 'Test Message', 2, 0, 'Y'),
(6, 'sgmail.com', '1215', 1, 0, 'Y'),
(7, 'sgmail.com', '1215', 1, 0, 'Y');

-- --------------------------------------------------------

--
-- Table structure for table `occupation_table`
--

CREATE TABLE IF NOT EXISTS `occupation_table` (
  `occ_id` int(11) NOT NULL AUTO_INCREMENT,
  `occupation_name` varchar(250) NOT NULL,
  `occupation_value` varchar(250) NOT NULL,
  PRIMARY KEY (`occ_id`)
) ENGINE=InnoDB  DEFAULT CHARSET=latin1 AUTO_INCREMENT=6 ;

--
-- Dumping data for table `occupation_table`
--

INSERT INTO `occupation_table` (`occ_id`, `occupation_name`, `occupation_value`) VALUES
(1, 'Student', 'Student'),
(2, 'Journalist', 'Journalist'),
(3, 'Professor or Teacher', 'Professor or Teacher'),
(4, 'Business User', 'Business User'),
(5, 'Other', 'Other');

-- --------------------------------------------------------

--
-- Table structure for table `project_table`
--

CREATE TABLE IF NOT EXISTS `project_table` (
  `project_id` int(11) NOT NULL AUTO_INCREMENT,
  `title` varchar(250) NOT NULL,
  `created` date NOT NULL,
  `updated` date NOT NULL,
  `is_exported` enum('Y','N') NOT NULL,
  `user_id` int(11) NOT NULL,
  `drive_url` varchar(250) NOT NULL,
  PRIMARY KEY (`project_id`),
  KEY `user_id` (`user_id`)
) ENGINE=InnoDB  DEFAULT CHARSET=latin1 AUTO_INCREMENT=4 ;

--
-- Dumping data for table `project_table`
--

INSERT INTO `project_table` (`project_id`, `title`, `created`, `updated`, `is_exported`, `user_id`, `drive_url`) VALUES
(1, 'sai', '1993-03-02', '0000-00-00', 'Y', 123, ''),
(2, 'one', '1993-03-02', '0000-00-00', 'Y', 123, ''),
(3, 'one', '1993-03-02', '0000-00-00', 'Y', 123, '');

-- --------------------------------------------------------

--
-- Table structure for table `section_table`
--

CREATE TABLE IF NOT EXISTS `section_table` (
  `section_id` int(11) NOT NULL AUTO_INCREMENT,
  `order_id` int(10) NOT NULL,
  `title` varchar(250) NOT NULL,
  `description` longtext NOT NULL,
  `project_id` int(11) NOT NULL,
  PRIMARY KEY (`section_id`),
  KEY `project_id` (`project_id`)
) ENGINE=InnoDB  DEFAULT CHARSET=latin1 AUTO_INCREMENT=3 ;

--
-- Dumping data for table `section_table`
--

INSERT INTO `section_table` (`section_id`, `order_id`, `title`, `description`, `project_id`) VALUES
(1, 2, 'gadgfaf', '<html>\r\n    			<head>\r\n        			<title>example word document generated by php</title>\r\n    			</head>\r\n    			<body>\r\n        			<h2>Generating a Microsoft Word Document ''on-the-fly'', by Sean O''Donnell</h2>\r\n        			<p>This is a basic example of <i>how to generate a Microsoft Word Document <i>, on-the-fly!</p>\r\n        			<p>Pretty simple eh? =p</p>\r\n    			</body>\r\n    		</html>', 1),
(2, 1, 'sairam', 'abcdef', 1);

-- --------------------------------------------------------

--
-- Table structure for table `source_table`
--

CREATE TABLE IF NOT EXISTS `source_table` (
  `source_id` int(11) NOT NULL AUTO_INCREMENT,
  `title` varchar(250) NOT NULL,
  `type` varchar(250) NOT NULL,
  `project_id` int(11) NOT NULL,
  `section_id` int(11) NOT NULL DEFAULT '0',
  `sourcepath` varchar(250) NOT NULL,
  `status` enum('Y','N') NOT NULL DEFAULT 'Y',
  PRIMARY KEY (`source_id`)
) ENGINE=InnoDB  DEFAULT CHARSET=latin1 AUTO_INCREMENT=3 ;

--
-- Dumping data for table `source_table`
--

INSERT INTO `source_table` (`source_id`, `title`, `type`, `project_id`, `section_id`, `sourcepath`, `status`) VALUES
(1, 'sairam', 'movie', 1, 0, 'path', 'Y'),
(2, 'ER Model.png', 'document', 1, 0, 'C:/xampp/htdocs/writewell_production/public/metadata/sources/ER Model.png', 'Y');

-- --------------------------------------------------------

--
-- Table structure for table `user_details_table`
--

CREATE TABLE IF NOT EXISTS `user_details_table` (
  `ud_id` int(11) NOT NULL AUTO_INCREMENT,
  `user_id` int(11) NOT NULL,
  `name` varchar(250) NOT NULL,
  `gender` enum('Male','Female') NOT NULL,
  `occupation` int(11) NOT NULL,
  `age` int(11) NOT NULL,
  PRIMARY KEY (`ud_id`),
  KEY `user_id` (`user_id`),
  KEY `occupation` (`occupation`)
) ENGINE=InnoDB  DEFAULT CHARSET=latin1 AUTO_INCREMENT=13 ;

--
-- Dumping data for table `user_details_table`
--

INSERT INTO `user_details_table` (`ud_id`, `user_id`, `name`, `gender`, `occupation`, `age`) VALUES
(5, 138, 'sairam', 'Male', 1, 13),
(6, 141, 'sairam nallam', 'Male', 2, 45),
(7, 142, 'sairam', 'Male', 1, 13),
(8, 143, 'sairam', 'Male', 1, 13),
(9, 144, 'sairam', 'Male', 1, 13),
(10, 145, 'dsafad', 'Male', 2, 34),
(11, 146, 'hari', 'Male', 1, 18),
(12, 147, 'sairam', 'Male', 1, 13);

-- --------------------------------------------------------

--
-- Table structure for table `user_table`
--

CREATE TABLE IF NOT EXISTS `user_table` (
  `user_id` int(11) NOT NULL AUTO_INCREMENT,
  `email` varchar(250) NOT NULL,
  `password` varchar(250) DEFAULT NULL,
  `status` enum('Y','N') NOT NULL,
  `created_date` date NOT NULL,
  `authdata` varchar(1200) DEFAULT NULL,
  PRIMARY KEY (`user_id`)
) ENGINE=InnoDB  DEFAULT CHARSET=latin1 AUTO_INCREMENT=148 ;

--
-- Dumping data for table `user_table`
--

INSERT INTO `user_table` (`user_id`, `email`, `password`, `status`, `created_date`, `authdata`) VALUES
(123, 'sairam.moon@gmail.com', '9441857479', 'N', '2014-07-22', NULL),
(124, 'sairam.123@gmail.com', '9441857479', 'Y', '0000-00-00', NULL),
(125, 'sairam.345@gmail.com', '$2UCTqa1mjVUk', 'N', '2014-07-14', NULL),
(126, 'sairam@gmail.com', '$2Cw51.ICu1Nw', 'N', '2014-07-14', NULL),
(127, 'sairam.moon@gmail.com', '$2P3/lU8fzLJk', 'N', '2014-07-14', NULL),
(128, 'sairam.moon@gmail.com', '$2P3/lU8fzLJk', 'N', '2014-07-14', NULL),
(129, 'sairam.moon@gmail.com', '$2P3/lU8fzLJk', 'N', '2014-07-14', NULL),
(130, 'sairam.moon@gmail.com', '$2P3/lU8fzLJk', 'N', '2014-07-14', NULL),
(131, 'sairam.moon@gmail.com', '$2P3/lU8fzLJk', 'N', '2014-07-14', NULL),
(132, 'sairam.moon@gmail.com', '$2P3/lU8fzLJk', 'N', '2014-07-14', NULL),
(133, 'sairam.moon@gmail.com', '$2P3/lU8fzLJk', 'N', '2014-07-14', NULL),
(134, 'sairam.moon@gmail.com', '$2P3/lU8fzLJk', 'N', '2014-07-14', NULL),
(135, 'sairam.moon@gmail.com', '$2P3/lU8fzLJk', 'N', '2014-07-14', NULL),
(136, 'sairam.moon@gmail.com', '$2P3/lU8fzLJk', 'N', '2014-07-14', NULL),
(137, 'sairam.moon@gmail.com', '$2P3/lU8fzLJk', 'N', '2014-07-14', NULL),
(138, 'sairam.moon@gmail.com', '$2P3/lU8fzLJk', 'N', '2014-07-14', NULL),
(139, 'sairam.murari08@gmail.com', '$2ozztmkKJ3bU', 'N', '2014-07-14', NULL),
(140, 'sai@gmail.com', '$2UCTqa1mjVUk', 'N', '2014-07-14', NULL),
(141, 'snallam@rapidbizapps.com', '$2UCTqa1mjVUk', 'N', '2014-07-14', NULL),
(142, 'sairam.moon@gmail.com', '$2P3/lU8fzLJk', 'N', '2014-07-14', NULL),
(143, 'sairam.moon@gmail.com', '$2P3/lU8fzLJk', 'N', '2014-07-14', NULL),
(144, 'ram.moon@gmail.com', '$2P3/lU8fzLJk', 'N', '2014-07-14', NULL),
(145, 'saiam.murari08@gmail.com', '$23vsNklmJ0GQ', 'N', '2014-07-14', NULL),
(146, 'sai4@gmail.com', '$2M.9ReAYQpIM', 'N', '2014-07-16', NULL),
(147, 'moon@gmail.com', '$2P3/lU8fzLJk', 'N', '2014-07-16', NULL);

--
-- Constraints for dumped tables
--

--
-- Constraints for table `project_table`
--
ALTER TABLE `project_table`
  ADD CONSTRAINT `project_table_ibfk_1` FOREIGN KEY (`user_id`) REFERENCES `user_table` (`user_id`);

--
-- Constraints for table `section_table`
--
ALTER TABLE `section_table`
  ADD CONSTRAINT `section_table_ibfk_1` FOREIGN KEY (`project_id`) REFERENCES `project_table` (`project_id`);

--
-- Constraints for table `user_details_table`
--
ALTER TABLE `user_details_table`
  ADD CONSTRAINT `user_details_table_ibfk_1` FOREIGN KEY (`user_id`) REFERENCES `user_table` (`user_id`),
  ADD CONSTRAINT `user_details_table_ibfk_2` FOREIGN KEY (`occupation`) REFERENCES `occupation_table` (`occ_id`);
